date,country,exports_world_meur,df,hicp,imports_world_meur,fx_eur,mro,unemp_rate,repo,fx_vol,hicp_yoy,log_imp,log_exp
2004-01-01,CZ,3655.2,,79.6,3687.4,32.7242381,,8.3,6.93,0.00238395803,,8.21267688163629,8.203906090249061
2004-02-01,CZ,4046.5,,79.7,3936.0,32.8574,,8.7,7.0,0.003778341871,,8.277920258172143,8.305607588935755
2004-03-01,CZ,4020.3,,79.8,4077.4,32.98547826,,8.3,7.0,0.004165249467,,8.31321480936304,8.299111805694292
2004-04-01,CZ,4787.0,,79.9,4812.9,32.51935,,8.3,7.0,0.00465368822,,8.47905509202514,8.473659189392508
2004-05-01,CZ,4779.7,,80.3,4879.2,31.97609524,,8.6,7.0,0.00307223613,,8.492736550982245,8.47213306200964
2004-06-01,CZ,4704.7,,80.5,4820.4,31.61359091,,8.2,7.0,0.004025206083,,8.480612191153236,8.456317288031233
2004-07-01,CZ,4749.5,,80.7,4844.2,31.54472727,,8.1,7.0,0.003092022437,,8.485537392012226,8.465794628330237
2004-08-01,CZ,4747.1,,80.7,4995.6,31.6335,,8.3,7.0,0.002412648397,,8.51631280398893,8.465289184265815
2004-09-01,CZ,4754.5,,80.1,4914.9,31.60109091,,8.2,7.0,0.002174581343,,8.500026686494326,8.4668468169795
2004-10-01,CZ,4860.2,,80.5,4941.7,31.49133333,,8.6,7.0,0.001682559767,,8.50546468053763,8.488834868311182
2004-11-01,CZ,4960.9,,80.4,5001.8,31.28618182,,8.3,7.0,0.001391975768,,8.517553126631785,8.509342454871524
2004-12-01,CZ,4971.0,,80.3,4808.8,30.636,,7.8,7.0,0.003259893824,,8.478202851724951,8.511376306094672
2005-01-01,CZ,4840.1,,80.8,4621.0,30.30419048,,8.3,7.0,0.003282122057,1.5075376884422065,8.438366410870266,8.484690660654262
2005-02-01,CZ,4875.0,,80.8,4791.2,29.957,,8.2,7.0,0.002199604882,1.3801756587201952,8.474536180950253,8.491875383431948
2005-03-01,CZ,4896.8,,80.8,4673.1,29.77119048,,7.8,7.0,0.00544542572,1.2531328320801949,8.44957794200067,8.49633720953686
2005-04-01,CZ,4924.7,,81.0,5024.4,30.13380952,,8.1,7.0,0.003658269995,1.3767209011263937,8.522061322813098,8.502018638045291
2005-05-01,CZ,4877.7,,81.0,4750.3,30.21954545,,8.1,7.0,0.003620171489,0.8717310087173136,8.465963052929048,8.49242907626962
2005-06-01,CZ,5230.7,,81.5,5076.7,30.03409091,,7.8,7.0,0.002357718214,1.2422360248447228,8.532416723187723,8.562300391315002
2005-07-01,CZ,5187.4,,81.8,5052.1,30.17952381,,7.8,6.09,0.00233729014,1.3630731102850069,8.527559277415415,8.553987887244714
2005-08-01,CZ,5502.4,,81.8,5507.2,29.59408696,,7.8,5.61,0.003117912061,1.3630731102850069,8.61381160601722,8.612939639678002
2005-09-01,CZ,5440.9,,81.7,5460.9,29.31731818,,7.8,5.0,0.004074179162,1.9975031210986316,8.605368890319962,8.601699767342577
2005-10-01,CZ,5533.2,,82.4,5406.6,29.67471429,,7.9,4.5,0.002680717606,2.360248447204971,8.595375708469046,8.61852158900066
2005-11-01,CZ,5702.6,,82.1,5569.0,29.26636364,,7.8,4.39,0.002294956569,2.1144278606965106,8.624970783589669,8.648677490173133
2005-12-01,CZ,5611.5,,81.9,5379.2,28.97233333,,7.9,3.75,0.002024947505,1.9925280199252882,8.590294943214296,8.63257334245631
2006-01-01,CZ,5894.4,,82.8,5666.5,28.722,,7.9,3.02,0.002114953115,2.4752475247524774,8.642326922173003,8.681758026620933
2006-02-01,CZ,5879.3,,82.8,5827.5,28.40685,,7.3,2.51,0.003219767495,2.4752475247524774,8.670343370909912,8.679192986186894
2006-03-01,CZ,5833.7,,82.7,5766.4,28.64952174,,7.9,1.5,0.003205045742,2.3514851485148647,8.659803247973963,8.671406726410925
2006-04-01,CZ,5992.5,,82.9,5991.3,28.50083333,,7.3,0.75,0.002398997296,2.3456790123456805,8.698063695942878,8.69826396630854
2006-05-01,CZ,6297.3,,83.3,6238.1,28.27081818,,7.0,0.7,0.002764281597,2.839506172839501,8.738430927818353,8.74787624908807
2006-06-01,CZ,6104.5,,83.4,6006.4,28.38559091,,7.4,0.5,0.002066636525,2.331288343558291,8.700580846392189,8.71678148310891
2006-07-01,CZ,6359.5,,83.7,6219.4,28.44795238,,7.2,0.31,0.001663435767,2.3227383863080764,8.735428718057861,8.757705036891538
2006-08-01,CZ,6354.7,,83.9,6235.3,28.19378261,,6.7,0.25,0.002258614814,2.5672371638141955,8.737981972433769,8.75694997558559
2006-09-01,CZ,6476.1,,83.5,6410.2,28.38314286,,7.2,0.25,0.001995322496,2.2031823745410017,8.765645750676017,8.775873756308942
2006-10-01,CZ,6683.8,,83.1,6506.6,28.28986364,,6.7,0.25,0.00205419027,0.8495145631067791,8.780572325344844,8.807441967065332
2006-11-01,CZ,6863.5,,82.9,6683.6,28.02922727,,6.5,0.25,0.002529865691,0.9744214372716442,8.807412043519989,8.833972794691714
2006-12-01,CZ,7071.7,,83.1,6808.8,27.77763158,,6.6,0.25,0.00318190956,1.46520146520146,8.82597117216275,8.863856182603211
2007-01-01,CZ,7019.2,,83.9,6826.2,27.84022727,,6.1,0.25,0.002799295837,1.328502415458943,8.828523428773725,8.856404530411949
2007-02-01,CZ,7180.3,,84.1,6834.8,28.23305,,5.8,0.25,0.002586877956,1.570048309178751,8.829782487574118,8.8790964438992
2007-03-01,CZ,7132.3,,84.4,6890.4,28.05677273,,5.7,0.25,0.002505880748,2.055622732769047,8.837884417474964,8.872389042035552
2007-04-01,CZ,7205.7,,85.0,6939.6,28.01478947,,5.5,0.25,0.001443844366,2.533172496984304,8.844999414952172,8.882627658468047
2007-05-01,CZ,7138.1,,85.3,7032.2,28.23118182,,5.4,0.25,0.001639396677,2.400960384153672,8.858254880371257,8.87320191347845
2007-06-01,CZ,7282.5,,85.6,7100.7,28.54609524,,5.5,0.25,0.001983528021,2.637889688249384,8.867948649718874,8.893229488833589
2007-07-01,CZ,7578.1,,85.9,7373.1,28.35927273,,5.1,0.25,0.002050786911,2.628434886499398,8.90559352089781,8.933017787585435
2007-08-01,CZ,7520.9,,86.1,7317.9,27.85952174,,4.9,0.41,0.004107384296,2.6221692491060544,8.898078680550011,8.925441090633766
2007-09-01,CZ,7742.3,,85.9,7424.4,27.57315,,5.2,1.0,0.002572608369,2.8742514970059974,8.912527152324943,8.954454080063929
2007-10-01,CZ,7775.2,,86.4,7463.2,27.33530435,,5.0,1.9,0.002500643581,3.9711191335740192,8.917739555646751,8.95869446018926
2007-11-01,CZ,7913.2,,87.2,7472.9,26.7325,,4.7,2.2,0.003112812973,5.186972255729794,8.919038422334,8.976287530153936
2007-12-01,CZ,8107.9,,87.6,7760.9,26.31705263,,5.0,2.0,0.003440600284,5.4151624548736566,8.956853585833619,9.000594173998053
2008-01-01,CZ,8486.9,,90.5,8175.1,26.04968182,,4.6,2.0,0.004278076614,7.86650774731823,9.00884822810654,9.046279077173736
2008-02-01,CZ,8549.7,,90.6,8217.8,25.37690476,,4.5,2.0,0.003432723534,7.728894173602852,9.014057812325598,9.053651473595918
2008-03-01,CZ,8588.8,,90.4,8197.7,25.208,,4.5,2.0,0.005136663674,7.109004739336489,9.011608906103405,9.058214307897252
2008-04-01,CZ,8434.6,,90.8,8301.0,25.06381818,,4.3,2.0,0.003768714399,6.823529411764695,9.024131268455035,9.040097572397425
2008-05-01,CZ,8561.8,,91.1,8148.4,25.09990476,,4.1,2.0,0.002883640271,6.799531066822984,9.005576867943402,9.0550657274038
2008-06-01,CZ,8829.1,,91.3,8394.0,24.3162381,,4.6,2.0,0.003725974067,6.658878504672905,9.035272443893536,9.08580836314846
2008-07-01,CZ,8664.7,,91.7,8115.9,23.52813043,,4.3,2.0,0.008112623687,6.752037252619325,9.001580379529235,9.067012579507649
2008-08-01,CZ,8280.5,,91.5,7885.1,24.28733333,,4.1,1.99,0.004969226459,6.271777003484336,8.972730181624899,9.021658632029546
2008-09-01,CZ,8294.7,,91.3,8031.1,24.49745455,,4.4,1.75,0.005726063722,6.28637951105937,8.99107678386041,9.023372035605245
2008-10-01,CZ,7990.7,,91.4,8111.8,24.76786957,,4.2,1.75,0.01316515843,5.787037037037046,9.001075070694682,8.986033644434722
2008-11-01,CZ,7682.6,,90.8,7657.7,25.19265,,4.4,1.75,0.008185571674,4.128440366972463,8.943466956550642,8.946713310516085
2008-12-01,CZ,6874.6,,90.5,6799.5,26.1197619,,4.8,1.75,0.005710539051,3.3105022831050324,8.824604359049014,8.835588739023962
2009-01-01,CZ,6233.0,,91.8,6238.7,27.16933333,,5.3,1.75,0.01005220685,1.436464088397793,8.738527106325737,8.73761303680885
2009-02-01,CZ,6188.6,,91.8,5960.6,28.46115,,5.6,1.74,0.01074293985,1.324503311258285,8.692926426133335,8.730464168854127
2009-03-01,CZ,6578.8,,92.0,6074.5,27.23059091,,5.9,1.5,0.009324866055,1.7699115044247815,8.711854960294797,8.791607636867115
2009-04-01,CZ,6497.6,,91.9,5990.1,26.7738,,6.3,1.28,0.005740159276,1.211453744493407,8.69786338546096,8.779188156932033
2009-05-01,CZ,6544.8,,92.0,6109.1,26.73145,,6.6,1.23,0.005654992223,0.9879253567508295,8.717534741807,8.786426120199488
2009-06-01,CZ,6638.4,,92.0,6058.3,26.54463636,,6.5,1.0,0.004872691165,0.766703176341732,8.7091845116552,8.800626249578603
2009-07-01,CZ,6745.5,,91.6,6145.1,25.79321739,,7.0,0.78,0.003478128122,-0.10905125408943173,8.723410295260727,8.816630894878871
2009-08-01,CZ,7148.0,,91.5,6507.0,25.64633333,,7.4,0.75,0.004099678486,0.0,8.780633799494984,8.874587876279318
2009-09-01,CZ,7254.7,,91.0,6710.8,25.34618182,,7.4,0.75,0.003320048982,-0.3285870755750264,8.811473447896246,8.889404813670764
2009-10-01,CZ,7088.7,,90.9,6506.5,25.86118182,,7.4,0.75,0.004001651879,-0.5470459518599591,8.780556956216811,8.866257245873632
2009-11-01,CZ,7296.7,,90.9,6746.6,25.812,,7.4,0.74,0.005254504682,0.11013215859032588,8.816793953261545,8.89517747013439
2009-12-01,CZ,6950.5,,91.0,6457.8,26.08940909,,7.4,0.5,0.005333048148,0.5524861878453136,8.773043981498308,8.846568878417147
2010-01-01,CZ,7376.3,,92.0,6830.2,26.13335,,7.9,0.5,0.003992413805,0.21786492374729072,8.829109234712975,8.906027436860521
2010-02-01,CZ,7528.5,,92.1,7040.1,25.9792,,7.9,0.48,0.003131727083,0.32679738562091387,8.859377653596658,8.926451097763097
2010-03-01,CZ,7729.5,,92.3,7308.7,25.54069565,,7.6,0.25,0.002938981937,0.3260869565217428,8.896820698351378,8.952799456436388
2010-04-01,CZ,7791.4,,92.7,7334.5,25.30845,,7.4,0.25,0.00245336278,0.8705114254624613,8.900344521927817,8.960775840304173
2010-05-01,CZ,8031.9,,92.9,7542.3,25.66266667,,7.4,0.22,0.00642375638,0.9782608695652284,8.928282454274623,8.991176391654802
2010-06-01,CZ,8238.2,,92.8,8076.9,25.78004545,,7.1,0.05,0.004271059287,0.8695652173912993,8.996763414531184,9.01653715243864
2010-07-01,CZ,8527.0,,93.1,8233.5,25.3275,,7.3,0.05,0.003298482492,1.637554585152845,9.015966476658054,9.050992878742049
2010-08-01,CZ,8850.8,,92.9,8453.0,24.80572727,,7.1,0.05,0.001951176651,1.5300546448087537,9.042276686928927,9.088263129396775
2010-09-01,CZ,8884.1,,92.7,8624.1,24.65104545,,6.9,0.05,0.001974661128,1.8681318681318615,9.06231588862886,9.092018441141873
2010-10-01,CZ,9170.5,,92.4,8617.2,24.53142857,,7.1,0.05,0.002720211339,1.650165016501659,9.061515484904271,9.123747089391086
2010-11-01,CZ,9087.1,,92.6,8715.6,24.63318182,,7.0,0.05,0.0024774567,1.870187018701852,9.072869802400122,9.11461110436683
2010-12-01,CZ,8780.7,,93.1,8318.9,25.17391304,,6.8,0.05,0.002163438478,2.3076923076922995,9.026285313536077,9.080311410102642
2011-01-01,CZ,9662.2,,93.8,9079.4,24.44880952,,7.0,0.05,0.003570103368,1.9565217391304346,9.113763390116851,9.175976644548223
2011-02-01,CZ,9447.1,,93.9,9011.2,24.27655,,7.1,0.05,0.002951348715,1.954397394136831,9.106223527083614,9.153463095084128
2011-03-01,CZ,9475.4,,94.0,8942.1,24.393,,6.7,0.05,0.002373675617,1.8418201516793076,9.09852573991189,9.15645424541838
2011-04-01,CZ,9714.1,,94.2,9135.9,24.30089474,,7.0,0.05,0.002053750488,1.6181229773462702,9.119966986126604,9.181333717273127
2011-05-01,CZ,9673.7,,94.7,9216.3,24.38131818,,6.9,0.05,0.002166832045,1.9375672766415386,9.128728934489198,9.177166141944873
2011-06-01,CZ,9608.5,,94.7,9115.3,24.28568182,,6.7,0.05,0.002926177531,2.0474137931034475,9.11770959935228,9.170403402372482
2011-07-01,CZ,10116.9,,94.9,9360.7,24.33461905,,6.6,0.05,0.002432028401,1.9334049409237553,9.144275353000067,9.22196257180397
2011-08-01,CZ,9770.7,,94.8,9302.5,24.27286957,,6.4,0.05,0.003401871979,2.0452099031216253,9.138038460220777,9.187143390371979
2011-09-01,CZ,9738.7,,94.7,9029.1,24.55568182,,6.6,0.05,0.004658636778,2.157497303128375,9.108207973669781,9.183862917502765
2011-10-01,CZ,10131.6,,94.9,8923.4,24.84071429,,6.5,0.05,0.003032113106,2.7056277056277,9.096432318868063,9.223414531463455
2011-11-01,CZ,9702.9,,95.3,9013.1,25.464,,6.6,0.05,0.006991323752,2.9157667386609187,9.106434353579736,9.180180088881292
2011-12-01,CZ,9766.6,,95.7,8973.8,25.514,,6.5,0.05,0.004658239414,2.7926960257787403,9.102064499681829,9.186723680375186
2012-01-01,CZ,10098.0,,97.4,9072.1,25.53077273,,6.6,0.05,0.005446314768,3.837953091684443,9.11295904883447,9.22009266341886
2012-02-01,CZ,10054.3,,97.6,9119.9,25.04214286,,7.1,0.05,0.005590086615,3.940362087326932,9.118214118095981,9.215755682677452
2012-03-01,CZ,10404.2,,97.9,9412.5,24.67577273,,6.9,0.05,0.003688164012,4.148936170212769,9.149793872108148,9.2499648497594
2012-04-01,CZ,10297.8,,97.9,9443.8,24.80884211,,6.8,0.05,0.003380450378,3.9278131634819635,9.153113720513982,9.239685559170647
2012-05-01,CZ,10064.5,,98.1,9249.3,25.31327273,,7.0,0.05,0.00419026907,3.5902851108764455,9.132303151967246,9.216769659741086
2012-06-01,CZ,10061.9,,98.3,9136.6,25.63995238,,6.8,0.05,0.005255880378,3.801478352692711,9.120043603995024,9.216511292619845
2012-07-01,CZ,10416.2,,98.1,9196.2,25.44731818,,6.8,0.05,0.004107756972,3.3719704952581475,9.126545634232917,9.251117565492887
2012-08-01,CZ,10243.2,,98.1,9189.5,25.02052174,,7.2,0.05,0.003456001159,3.4810126582278444,9.125816806905528,9.234369349775545
2012-09-01,CZ,10419.7,,98.0,9351.4,24.7516,,6.8,0.05,0.00490349479,3.484688489968324,9.143281343694243,9.251453524105948
2012-10-01,CZ,9992.9,,98.3,8869.5,24.9386087,,7.1,0.05,0.002124663476,3.5827186512118026,9.090373703928995,9.209630119806816
2012-11-01,CZ,9775.6,,98.0,8609.3,25.36518182,,7.6,0.05,0.002627235246,2.833158447009443,9.060598293303677,9.187644764043995
2012-12-01,CZ,10127.8,,98.0,9320.0,25.214,,7.1,0.05,0.001296670937,2.4033437826541215,9.139917907679637,9.22303939695359
2013-01-01,CZ,9800.3,,99.3,8729.0,25.5625,,6.8,0.05,0.002347132111,1.9507186858316095,9.07440609473535,9.190168276435015
2013-02-01,CZ,10031.5,,99.3,8822.5,25.47545,,7.5,0.05,0.00459240084,1.7418032786885362,9.085060555549425,9.213485421120255
2013-03-01,CZ,9934.9,,99.4,8780.4,25.6588,,7.3,0.05,0.002562552328,1.532175689479054,9.080277243677985,9.203809089509996
2013-04-01,CZ,10041.6,,99.6,8953.4,25.841,,6.9,0.05,0.0026437359,1.7364657814095796,9.099788627397778,9.214491743098659
2013-05-01,CZ,9879.7,,99.3,8841.1,25.88781818,,7.3,0.05,0.002893826474,1.2232415902140747,9.087166582279513,9.198237425908436
2013-06-01,CZ,10148.3,,99.8,9022.2,25.75885,,6.7,0.05,0.002899210472,1.5259409969481164,9.10744348575633,9.225061482757575
2013-07-01,CZ,10031.4,,99.5,8811.8,25.94391304,,6.6,0.05,0.002107070296,1.4271151885830946,9.083847011341472,9.213475452471656
2013-08-01,CZ,10532.9,,99.3,9357.7,25.81804545,,7.2,0.05,0.002647352652,1.2232415902140747,9.143954812780208,9.262258970820145
2013-09-01,CZ,10285.1,,99.0,9079.2,25.78895238,,7.0,0.05,0.002472672764,1.0204081632652962,9.113741361986929,9.238451524937213
2013-10-01,CZ,10494.2,,99.1,9387.4,25.66230435,,6.6,0.05,0.001981570217,0.8138351983723258,9.14712364355227,9.258578002574671
2013-11-01,CZ,10335.6,,99.0,9138.9,26.92680952,,7.1,0.05,0.009084357197,1.0204081632652962,9.12029530709613,9.243349525583128
2013-12-01,CZ,10754.9,,99.5,9724.4,27.52135,,6.8,0.05,0.00192487617,1.5306122448979664,9.182393469925232,9.283116743657674
2014-01-01,CZ,10765.1,,99.6,9355.8,27.48509091,,6.5,0.05,0.001574529962,0.302114803625364,9.143751750818895,9.284064699118996
2014-02-01,CZ,10912.2,,99.6,9792.1,27.444,,6.5,0.05,0.001112057806,0.302114803625364,9.189331217118262,9.297636708361027
2014-03-01,CZ,10806.2,,99.7,9480.6,27.39542857,,6.7,0.05,0.001086776394,0.3018108651911433,9.157002884385507,9.287875322468901
2014-04-01,CZ,10921.2,,99.7,9547.0,27.4498,,6.3,0.05,0.0007310218429,0.10040160642570406,9.163982247998034,9.29846113337131
2014-05-01,CZ,10973.7,,99.8,9722.9,27.43714286,,6.1,0.05,0.0005861904904,0.5035246727089548,9.182239206865273,9.303256779902439
2014-06-01,CZ,10794.3,,99.8,9611.7,27.45,,6.1,0.05,0.0006599181948,0.0,9.17073638538302,9.286773496010818
2014-07-01,CZ,11099.0,,100.0,9680.9,27.45826087,,5.8,0.05,0.0006825475911,0.5025125628140614,9.177910151155308,9.31461029315198
2014-08-01,CZ,10582.7,,100.0,9424.3,27.81590476,,6.2,0.05,0.002229985334,0.7049345417925457,9.151046739000988,9.266975871342408
2014-09-01,CZ,11086.1,,99.8,9662.7,27.59877273,,5.7,0.05,0.001773240882,0.8080808080808133,9.176028391258438,9.31344735032514
2014-10-01,CZ,11013.4,,99.9,9728.9,27.58795652,,5.6,0.05,0.001197531206,0.8072653884964698,9.182856116373934,9.30686799221725
2014-11-01,CZ,11386.1,,99.6,10139.8,27.66715,,6.2,0.05,0.001557006248,0.60606060606061,9.224223553084778,9.340148592188076
2014-12-01,CZ,11499.2,,99.5,10107.5,27.64047619,,5.8,0.05,0.001347255005,0.0,9.221033001514925,9.350032746714177
2015-01-01,CZ,11136.7,,99.5,10107.6,27.89485714,,5.8,0.05,0.004717036184,-0.10040160642569296,9.221042895109319,9.318001239794047
2015-02-01,CZ,11627.4,,99.6,10388.7,27.6083,,5.9,0.06,0.002599494641,0.0,9.248473955957085,9.361119660760258
2015-03-01,CZ,11714.5,,99.8,10681.6,27.37868182,,5.8,0.25,0.002666663824,0.10030090270811698,9.27627791402746,9.368582669706694
2015-04-01,CZ,11627.6,,100.2,10143.6,27.4391,,5.2,0.5,0.001912624287,0.5015045135406293,9.224598243722882,9.36113686136228
2015-05-01,CZ,11600.1,,100.5,10576.7,27.39705,,4.9,0.5,0.001400687878,0.7014028056112176,9.266408747495719,9.358768997746953
2015-06-01,CZ,11837.2,,100.7,10694.4,27.30677273,,5.0,0.5,0.001210913619,0.9018036072144353,9.277475518961019,9.379002393984171
2015-07-01,CZ,12210.5,,100.5,10711.1,27.09413043,,5.0,0.74,0.001230794936,0.49999999999998934,9.27903586591748,9.41005151630727
2015-08-01,CZ,11497.0,,100.2,10427.6,27.0407619,,4.7,0.75,0.0007767025176,0.20000000000000018,9.25221141605149,9.34984141075374
2015-09-01,CZ,12319.5,,100.1,11006.4,27.08913636,,4.8,0.75,0.001046006996,0.30060120240480437,9.306232200771749,9.418938651848356
2015-10-01,CZ,12495.2,,100.0,10966.9,27.10531818,,4.6,0.75,0.0006542827184,0.10010010010008674,9.302636924454754,9.433099849543513
2015-11-01,CZ,12314.2,,99.6,11006.7,27.03942857,,4.5,0.75,0.0004514160797,0.0,9.306259457269018,9.418508347015402
2015-12-01,CZ,12286.8,,99.4,11054.2,27.0265,,4.6,0.75,0.0001978938916,-0.10050251256280562,9.31056572522754,9.41628079436877
2016-01-01,CZ,12559.2,,100.0,10835.4,27.0267,,4.3,0.75,0.000458491063,0.5025125628140614,9.290573830686352,9.438208743726108
2016-02-01,CZ,12207.2,,100.1,10765.9,27.04028571,,4.2,0.75,0.0005818802698,0.5020080321285203,9.284139010576927,9.409781220577525
2016-03-01,CZ,12237.3,,100.1,10602.0,27.05090476,,4.1,0.75,0.0004192081977,0.30060120240480437,9.268797941547751,9.41224394349786
2016-04-01,CZ,12186.2,,100.7,10672.8,27.03133333,,3.9,0.75,0.0003814236687,0.4990019960079861,9.275453727864596,9.408059442950142
2016-05-01,CZ,11684.1,,100.5,10241.6,27.02595455,,3.9,0.75,0.0001907430238,0.0,9.234213136387739,9.365984222183775
2016-06-01,CZ,12224.4,,100.6,10771.4,27.06145455,,4.2,0.75,0.0006627891806,-0.09930486593844323,9.284649752417321,9.41118923338402
2016-07-01,CZ,11671.8,,101.0,10429.2,27.0417619,,4.1,0.75,0.0005225345716,0.4975124378109541,9.252364843231414,9.364930955031825
2016-08-01,CZ,12468.8,,100.8,10815.1,27.0246087,,3.7,0.75,0.0001190980418,0.5988023952095745,9.288698584761425,9.430984803089297
2016-09-01,CZ,12203.1,,100.6,10859.2,27.02218182,,3.9,0.75,6.453375005e-05,0.4995004995004937,9.292767925949494,9.409445296804483
2016-10-01,CZ,12251.5,,100.8,10739.5,27.02228571,,3.8,0.75,0.000126184199,0.8000000000000007,9.281683812044317,9.4134036574562
2016-11-01,CZ,12339.9,,101.2,11058.7,27.03340909,,3.6,0.75,0.0004460725889,1.6064257028112428,9.310972727480717,9.420593193698828
2016-12-01,CZ,12356.5,,101.5,11055.5,27.03085714,,3.6,0.75,0.0002875482322,2.1126760563380254,9.31068332067221,9.42193751939002
2017-01-01,CZ,12938.1,,102.3,11365.1,27.02131818,,3.4,0.75,7.13167472e-05,2.299999999999991,9.33830253519206,9.467931725743949
2017-02-01,CZ,13106.5,,102.7,11686.4,27.02105,,3.3,0.75,1.200684056e-05,2.5974025974025983,9.36618105152054,9.480863569337167
2017-03-01,CZ,13181.5,,102.7,11953.4,27.02143478,,3.3,0.75,6.185408591e-05,2.5974025974025983,9.388771035720302,9.48656961038198
2017-04-01,CZ,13140.9,,102.8,11784.1,26.8225,,3.3,0.75,0.004260982867,2.0854021847070525,9.374506444189283,9.483484782843737
2017-05-01,CZ,13789.6,,103.0,12259.5,26.57172727,,2.9,0.75,0.002416830673,2.487562189054726,9.414056425624294,9.531669963840182
2017-06-01,CZ,13358.8,,103.0,11922.0,26.26431818,,2.9,0.75,0.00185683807,2.385685884691857,9.386140711779872,9.499930622697265
2017-07-01,CZ,13068.0,,103.4,11933.9,26.07857143,,2.8,0.75,0.001144336869,2.3762376237623783,9.387138368626776,9.477921772720961
2017-08-01,CZ,13778.7,,103.2,12240.6,26.10086957,,2.7,0.8,0.002354422093,2.3809523809523947,9.412513574472738,9.530879200494745
2017-09-01,CZ,13601.7,,103.1,12200.8,26.07509524,,2.7,1.0,0.0008490996029,2.48508946322068,9.409256802341973,9.517950063912295
2017-10-01,CZ,13614.8,,103.6,12362.9,25.76609091,,2.7,1.0,0.001632819423,2.777777777777768,9.422455331322592,9.518912715319466
2017-11-01,CZ,13837.4,,103.7,12452.8,25.53777273,,2.4,1.0,0.002150497974,2.4703557312252933,9.429700776205124,9.535130350251844
2017-12-01,CZ,14108.9,,103.7,12556.3,25.64536842,,2.3,1.0,0.002668491565,2.1674876847290747,9.437977810635953,9.554561082913505
2018-01-01,CZ,14409.7,,104.4,13103.0,25.45227273,,2.6,1.14,0.001774482707,2.052785923753664,9.480596490604585,9.57565686990107
2018-02-01,CZ,13968.5,,104.3,12444.1,25.3195,,2.3,1.25,0.001416966858,1.5579357351509282,9.429001893986525,9.544560073544101
2018-03-01,CZ,13774.2,,104.3,12356.6,25.42919048,,2.1,1.25,0.0009165741884,1.5579357351509282,9.42194561226384,9.53055255610958
2018-04-01,CZ,13979.2,,104.6,12729.0,25.3648,,2.3,1.25,0.001316369674,1.7509727626459082,9.451638133870434,9.54532578954383
2018-05-01,CZ,14014.3,,105.1,12972.1,25.63959091,,2.2,1.3,0.002412215132,2.038834951456314,9.470556176308996,9.547833515865612
2018-06-01,CZ,14291.8,,105.5,13234.0,25.77819048,,2.3,1.5,0.003529416428,2.4271844660194164,9.490544554572004,9.567441225202677
2018-07-01,CZ,14065.0,,105.7,13252.5,25.85031818,,2.2,1.5,0.001779214296,2.224371373307532,9.491941492861962,9.551444720923957
2018-08-01,CZ,14379.5,,105.7,13379.4,25.68130435,,2.4,1.55,0.001130819599,2.422480620155043,9.501471489627413,9.573558860155925
2018-09-01,CZ,14595.1,,105.3,13372.7,25.61375,,2.2,1.75,0.001907881921,2.13385063045588,9.500970594360119,9.58844113492627
2018-10-01,CZ,14656.2,,105.7,13470.3,25.81943478,,2.1,1.75,0.00119296317,2.0270270270270396,9.50824254087132,9.592618733109012
2018-11-01,CZ,14651.0,,105.4,13091.7,25.93481818,,2.0,1.85,0.001454262706,1.6393442622950838,9.47973372060142,9.592263871501313
2018-12-01,CZ,14743.2,,105.4,13310.8,25.83468421,,2.3,2.25,0.001638712586,1.6393442622950838,9.496331014766985,9.598537238517826
2019-01-01,CZ,14763.7,,106.5,13544.9,25.65009091,,2.0,2.58,0.001622384325,2.011494252873547,9.51376537169386,9.599926744246883
2019-02-01,CZ,14695.2,,106.8,13297.9,25.72605,,1.7,2.91,0.001644298271,2.396931927133261,9.495361407006316,9.595276188831853
2019-03-01,CZ,14674.6,,107.0,13364.2,25.67638095,,2.1,3.5,0.001076520933,2.5886864813039256,9.500334768943832,9.593873387084606
2019-04-01,CZ,15022.4,,107.1,13500.2,25.67725,,2.1,3.5,0.001198655189,2.390057361376674,9.510459779131597,9.617297699504283
2019-05-01,CZ,15137.0,,107.8,13283.2,25.76813636,,2.1,3.56,0.001090113681,2.5689819219790744,9.49425535785872,9.624897356762565
2019-06-01,CZ,14314.3,,108.0,12891.8,25.6048,,1.7,3.75,0.001466881527,2.369668246445489,9.464346729318251,9.569014316581082
2019-07-01,CZ,14844.7,,108.4,13311.0,25.54786957,,2.1,3.75,0.001096088585,2.554399243140959,9.496346040047019,9.605398178169139
2019-08-01,CZ,14863.1,,108.5,13131.0,25.80172727,,2.1,3.75,0.001800110264,2.6490066225165476,9.482731125859004,9.606636910243061
2019-09-01,CZ,15009.5,,108.0,13249.7,25.86752381,,2.0,3.75,0.0009598908419,2.564102564102577,9.491730189648612,9.616438612946764
2019-10-01,CZ,15074.3,,108.5,13612.9,25.68908696,,2.2,3.75,0.001896765711,2.6490066225165476,9.51877315156615,9.620746586023076
2019-11-01,CZ,14667.0,,108.6,13254.9,25.53085714,,2.3,3.69,0.001426672182,3.0360531309297834,9.49212257437177,9.593355351246755
2019-12-01,CZ,14779.5,,108.8,13424.4,25.4972,,1.9,3.5,0.001071410788,3.2258064516129004,9.504829225640885,9.600996364430639
2020-01-01,CZ,15007.0,,110.5,13609.2,25.21559091,,2.0,3.5,0.001539151712,3.7558685446009488,9.518501313609285,9.616272037895989
2020-02-01,CZ,14750.4,,110.8,13140.7,25.0505,,1.8,3.26,0.003370140043,3.7453183520599342,9.483469563070207,9.599025480044329
2020-03-01,CZ,12497.3,,110.8,12183.0,26.57495455,,1.8,3.25,0.01101398226,3.5514018691588767,9.407796816354407,9.433267899959032
2020-04-01,CZ,9481.7,,110.6,9719.3,27.26225,,2.2,3.25,0.005549494728,3.267973856209161,9.18186887840027,9.157118904066795
2020-05-01,CZ,11496.1,,111.1,10917.4,27.26865,,2.5,3.01,0.005028789477,3.0612244897959107,9.298113125711629,9.349763126398829
2020-06-01,CZ,13184.5,,111.7,11391.4,26.68086364,,2.6,2.79,0.002909704746,3.425925925925921,9.340613963725394,9.486797176187409
2020-07-01,CZ,14219.0,,112.3,12255.2,26.514,,3.0,2.75,0.002543368382,3.59778597785978,9.413705615698486,9.562334377396374
2020-08-01,CZ,14333.9,,112.3,12617.8,26.16714286,,2.7,2.5,0.002772623823,3.5023041474654404,9.442863794432652,9.570382640109827
2020-09-01,CZ,14726.1,,111.6,12579.5,26.74095455,,2.8,2.5,0.002732245583,3.3333333333333215,9.439823783836571,9.597376708615913
2020-10-01,CZ,15617.4,,111.7,13334.1,27.21313636,,3.2,2.5,0.00373791254,2.9493087557603603,9.498079942774902,9.656140956273749
2020-11-01,CZ,16146.4,,111.6,13887.7,26.46590476,,3.0,2.5,0.003166712095,2.7624309392265234,9.53875883528433,9.68945239358591
2020-12-01,CZ,15911.3,,111.4,13791.2,26.31140909,,3.1,2.5,0.003223371135,2.389705882352944,9.531785986580768,9.674784827610377
2021-01-01,CZ,15362.8,,112.9,13522.9,26.1407,,3.3,2.5,0.002207039186,2.1719457013574806,9.512139823637174,9.639704281755222
2021-02-01,CZ,15480.0,,113.1,13808.0,25.8756,,3.2,2.5,0.00286483953,2.0758122743682383,9.53300341332321,9.647304147143718
2021-03-01,CZ,16047.1,,113.3,15039.1,26.17808696,,3.3,2.5,0.002776030665,2.256317689530696,9.618408755287788,9.68328342687434
2021-04-01,CZ,16286.8,,114.0,14531.0,25.9244,,3.3,2.26,0.002522603557,3.074141048824597,9.584039577320695,9.698110242765862
2021-05-01,CZ,15713.0,,114.1,14402.0,25.55838095,,3.1,2.25,0.002364856486,2.7002700270027047,9.575122364808811,9.662243674190131
2021-06-01,CZ,15699.7,,114.5,15295.7,25.45363636,,2.7,2.03,0.001745465529,2.50671441360788,9.635327022128134,9.661396882873579
2021-07-01,CZ,15928.9,,115.3,14996.7,25.63622727,,2.6,2.0,0.002945161274,2.6714158504007157,9.615585455880797,9.675890348416937
2021-08-01,CZ,15335.9,,115.8,14900.7,25.47009091,,2.8,2.0,0.00115411676,3.116651825467498,9.609163470695803,9.637951764099109
2021-09-01,CZ,15389.4,,116.1,15217.7,25.39227273,,2.5,2.0,0.002387755914,4.0322580645161255,9.63021450304498,9.64143423971816
2021-10-01,CZ,15854.7,,117.1,15085.8,25.49552381,,2.5,2.0,0.002353031167,4.834377797672329,9.621509183001026,9.671221265317559
2021-11-01,CZ,16934.6,,117.0,15732.7,25.39118182,,2.2,2.0,0.003403547416,4.8387096774193505,9.663496627858025,9.737114145250453
2021-12-01,CZ,16993.7,,117.4,16171.5,25.2456087,,2.2,2.0,0.00243785412,5.385996409335725,9.691005712647282,9.74059796611827
2022-01-01,CZ,17875.7,,122.8,16962.2,24.47004762,,2.3,2.0,0.003176534326,8.768821966341878,9.738742617914506,9.791197527634603
2022-02-01,CZ,17637.7,,124.4,17422.6,24.4372,,2.5,2.0,0.008420537609,9.99115826702035,9.765523493000607,9.777793935572326
2022-03-01,CZ,17653.4,,126.8,17801.5,25.00652174,,2.2,1.76,0.007454136216,11.915269196822598,9.78703800239261,9.778683678370694
2022-04-01,CZ,17911.2,,129.1,18247.9,24.43526316,,2.5,1.75,0.002333208546,13.245614035087705,9.8118052838966,9.793181494485287
2022-05-01,CZ,18659.6,,131.5,18658.3,24.74968182,,2.4,1.75,0.006378843507,15.24978089395268,9.834046366285413,9.834116037944352
2022-06-01,CZ,19287.5,,133.5,19079.0,24.71940909,,2.4,1.75,0.00155866458,16.59388646288209,9.85634353272731,9.867212496671415
2022-07-01,CZ,19602.6,,135.2,19024.0,24.59385714,,2.3,1.75,0.002885306838,17.259323503902845,9.853456618930563,9.883417489482193
2022-08-01,CZ,20222.9,,135.6,19545.1,24.56843478,,2.4,1.75,0.002019075443,17.098445595854916,9.880479894612021,9.914570904644565
2022-09-01,CZ,20597.1,,136.8,19954.9,24.57631818,,2.3,1.99,0.002457750963,17.829457364341096,9.901230006194908,9.932905568168673
2022-10-01,CZ,20065.0,,135.3,19558.3,24.52809524,,2.1,2.25,0.001275379251,15.542271562766885,9.881155027746296,9.906732282701016
2022-11-01,CZ,20350.0,,137.1,19732.8,24.36890909,,2.9,2.25,0.001923839289,17.179487179487186,9.890037504811723,9.920836190870741
2022-12-01,CZ,19791.7,,137.1,18345.2,24.26947619,,2.3,2.48,0.001227465749,16.780238500851773,9.817123238883129,9.893017936877941
2023-01-01,CZ,20106.1,,146.2,18170.0,23.95822727,,2.5,2.5,0.001640528128,19.055374592833864,9.807527161390217,9.908778530592706
2023-02-01,CZ,20204.4,,147.3,18529.9,23.71235,,2.5,2.5,0.00239825885,18.408360128617375,9.827140922610768,9.913655681451754
2023-03-01,CZ,19755.6,,147.7,18461.4,23.68313043,,2.6,2.5,0.003221808362,16.48264984227128,9.823437344834467,9.891192274441977
2023-04-01,CZ,19687.8,,147.5,18018.9,23.43688889,,2.7,2.5,0.002768823468,14.25251742835012,9.799176486013874,9.887754433547128
2023-05-01,CZ,19980.0,,147.9,18185.8,23.59477273,,2.4,2.28,0.002566994606,12.471482889733853,9.808396348754803,9.902487052202543
2023-06-01,CZ,19848.6,,148.4,17766.9,23.69509091,,2.7,2.25,0.002334903154,11.161048689138585,9.785092454607842,9.895888754660797
2023-07-01,CZ,19677.7,,149.0,18331.8,23.89242857,,2.7,2.05,0.002925530143,10.207100591715989,9.816392535685146,9.887241293857723
2023-08-01,CZ,19337.9,,149.3,17452.7,24.10813043,,2.5,2.0,0.003231169822,10.10324483775813,9.767249643455159,9.869822179864542
2023-09-01,CZ,19492.6,,148.1,17626.9,24.38038095,,2.7,2.0,0.002845518833,8.260233918128645,9.777181423288754,9.87779018534887
2023-10-01,CZ,19540.2,,148.1,17455.1,24.58436364,,2.9,2.0,0.002397894281,9.460458240946036,9.767387148540198,9.880229160958926
2023-11-01,CZ,19700.9,,148.1,17372.5,24.48477273,,2.5,2.0,0.003509840637,8.023340627279364,9.762643775188483,9.888419598961727
2023-12-01,CZ,19509.1,,147.5,17580.7,24.47757895,,2.8,2.0,0.001972387457,7.585703865791404,9.774556988421425,9.87863630236348
2004-01-01,SK,1681.5,6.0,78.52,1722.8,40.73080952,6.0,18.7,,0.002591982172,,7.4517061531799555,7.427441531180324
2004-02-01,SK,1725.0,6.0,79.04,1759.8,40.55075,6.0,19.0,,0.002014451895,,7.47295544521146,7.45298232946546
2004-03-01,SK,1700.6,5.5,79.22,1767.0,40.40026087,5.5,19.0,,0.001443504203,,7.4770384723196965,7.438736408951692
2004-04-01,SK,1981.9,5.0,79.22,2057.9,40.15105,5.0,19.1,,0.002284313493,,7.629441324348503,7.591811259530302
2004-05-01,SK,1932.7,5.0,79.49,1963.2,40.16366667,5.0,18.8,,0.001949494397,,7.582331073956647,7.566673267991422
2004-06-01,SK,1819.6,5.0,79.64,2072.3,39.92331818,5.0,18.5,,0.001199395701,,7.6364143805434415,7.506371975695849
2004-07-01,SK,1823.5,4.5,79.78,2041.0,39.89945455,4.5,18.2,,0.001790240864,,7.621195162809845,7.508513010248735
2004-08-01,SK,1831.6,4.5,79.69,2062.1,40.11136364,4.5,18.0,,0.001549742551,,7.6314801600062205,7.51294518078294
2004-09-01,SK,1905.3,4.5,79.81,2098.0,40.04890909,4.5,17.9,,0.001204324698,,7.6487397889562425,7.552394755477039
2004-10-01,SK,1963.5,4.5,79.94,2117.4,39.9967619,4.5,17.8,,0.0005366077446,,7.657944199909279,7.582483874018064
2004-11-01,SK,1936.9,4.0,79.82,2096.8,39.54568182,4.0,17.7,,0.001262840307,,7.648167652009197,7.568844035848193
2004-12-01,SK,1859.1,4.0,79.72,1985.4,38.87217391,4.0,17.6,,0.002208445385,,7.5935756841556215,7.527847778636171
2005-01-01,SK,1932.5,4.0,81.05,2113.0,38.57319048,4.0,17.3,,0.001805831481,3.2221090168110145,7.655864017616056,7.566569780461577
2005-02-01,SK,1949.4,4.0,81.16,2141.4,38.04385,4.0,17.1,,0.001235931228,2.682186234817796,7.66921509972417,7.575276911903109
2005-03-01,SK,1947.1,3.0,81.13,2193.0,38.2532381,3.0,17.0,,0.007404028026,2.411007321383485,7.693025748417888,7.574096365121575
2005-04-01,SK,1969.6,3.0,81.31,2204.8,39.23190476,3.0,16.7,,0.004994508027,2.638222671042678,7.698392080819339,7.585585755430189
2005-05-01,SK,1954.0,3.0,81.41,2135.1,39.00409091,3.0,16.6,,0.0036475733,2.4153981632909716,7.666268762973335,7.577633832602728
2005-06-01,SK,2132.2,3.0,81.73,2270.4,38.53490909,3.0,16.3,,0.002847949515,2.6243093922651894,7.727711306405778,7.664909589516374
2005-07-01,SK,2145.5,3.0,81.47,2287.0,38.88571429,3.0,16.1,,0.004655809974,2.118325394835785,7.734996194022781,7.671127904431579
2005-08-01,SK,2224.1,3.0,81.39,2269.2,38.68052174,3.0,16.0,,0.002134635772,2.1332664073284047,7.727182625452412,7.707107618388398
2005-09-01,SK,2291.2,3.0,81.62,2390.4,38.45868182,3.0,16.1,,0.003331775912,2.267886229795768,7.779215994938498,7.736830976766326
2005-10-01,SK,2273.2,3.0,82.72,2446.2,38.92328571,3.0,16.0,,0.001869488278,3.4776082061546143,7.802291079053262,7.728943809422966
2005-11-01,SK,2400.8,3.0,82.73,2460.5,38.67809091,3.0,15.7,,0.004067863069,3.645702831370601,7.808119860306032,7.783557294126157
2005-12-01,SK,2346.2,3.0,82.77,2824.6,37.87204762,3.0,15.4,,0.002110838726,3.825890617160055,7.946122040634963,7.7605522770716195
2006-01-01,SK,2390.6,3.0,84.35,2684.4,37.49181818,3.0,15.0,,0.00233634627,4.071560764959892,7.895212518284084,7.77929965944388
2006-02-01,SK,2417.5,3.0,84.62,2750.5,37.39035,3.0,14.6,,0.002783133985,4.263183834401185,7.9195379923155125,7.790489227327449
2006-03-01,SK,2506.3,3.5,84.63,2670.8,37.47773913,3.5,14.3,,0.003506637062,4.3140638481449445,7.890133331983714,7.826562840980566
2006-04-01,SK,2511.8,3.5,84.89,2793.1,37.37438889,3.5,14.0,,0.002682323389,4.402902472020664,7.934907369099438,7.8287549065840265
2006-05-01,SK,2683.4,4.0,85.31,2894.8,37.57781818,4.0,13.7,,0.00297465346,4.790566269500074,7.970671302991972,7.894839926156371
2006-06-01,SK,2717.8,4.0,85.43,2892.6,38.06163636,4.0,13.4,,0.003100505968,4.52710143154289,7.969911030639631,7.9075780084863965
2006-07-01,SK,2828.8,4.5,85.53,2939.3,38.37738095,4.5,13.3,,0.003901421446,4.983429483245372,7.98592673674546,7.947607872443324
2006-08-01,SK,2999.0,4.5,85.44,3166.4,37.66930435,4.5,13.1,,0.002935006473,4.976041282712851,8.0603505748483,8.006034178749008
2006-09-01,SK,2986.7,4.75,85.27,3282.5,37.49714286,4.75,12.8,,0.001904330198,4.471943151188418,8.096360606176951,8.001924377952871
2006-10-01,SK,3089.8,4.75,85.29,3229.7,36.80431818,4.75,12.6,,0.001867886216,3.106866537717612,8.080144532646191,8.035861642877949
2006-11-01,SK,3114.6,4.75,85.74,3331.9,35.884,4.75,12.4,,0.002583121086,3.6383415931342755,8.111297990831561,8.043856012061237
2006-12-01,SK,3216.0,4.75,85.8,3334.1,34.96668421,4.75,12.1,,0.003553050334,3.6607466473359995,8.111958056862127,8.075893630298857
2007-01-01,SK,3396.6,4.75,86.23,3343.1,34.75063636,4.75,11.7,,0.004518217612,2.228808535862492,8.114653799224277,8.130530210270669
2007-02-01,SK,3300.9,4.75,86.31,3430.9,34.4897,4.75,11.4,,0.003332885802,1.9971637910659368,8.140577896412127,8.101950437543977
2007-03-01,SK,3407.6,4.5,86.36,3523.4,33.81290909,4.5,11.2,,0.007989917492,2.0441923667730233,8.16718171149304,8.133763510168684
2007-04-01,SK,3431.5,4.25,86.6,3493.0,33.49105263,4.25,11.3,,0.002641728937,2.0143715396395256,8.158516244806831,8.14075276234869
2007-05-01,SK,3526.5,4.25,86.62,3765.8,33.73563636,4.25,11.3,,0.002381486419,1.5355761340991814,8.233715601062327,8.168061156648234
2007-06-01,SK,3416.8,4.25,86.68,3635.0,34.00161905,4.25,11.4,,0.003877223545,1.4631862343439161,8.198364389967619,8.136459719527256
2007-07-01,SK,3654.4,4.25,86.58,3755.3,33.32645455,4.25,11.5,,0.002638921087,1.2276394247632272,8.230923454482287,8.203687200021637
2007-08-01,SK,3501.3,4.25,86.5,3749.7,33.60343478,4.25,11.5,,0.002515792257,1.2406367041198463,8.229431115764285,8.160889607086418
2007-09-01,SK,3530.6,4.25,86.75,3609.5,33.8289,4.25,11.3,,0.002508392653,1.7356631875219852,8.191324537579215,8.169223107155183
2007-10-01,SK,3751.0,4.25,87.35,3803.4,33.62373913,4.25,10.9,,0.00401461127,2.415289013952382,8.243650682518176,8.229777750081887
2007-11-01,SK,3811.7,4.25,87.7,3959.7,33.23245455,4.25,10.6,,0.003950924125,2.285980872404947,8.283923543803018,8.245830562831426
2007-12-01,SK,3895.7,4.25,87.94,4077.1,33.40373684,4.25,10.5,,0.002188510843,2.4941724941724974,8.313141230357548,8.267628659744227
2008-01-01,SK,4067.4,4.25,88.97,4214.9,33.54645455,4.25,10.4,,0.003704358553,3.177548417024223,8.34638114536211,8.310759253664974
2008-02-01,SK,4151.3,4.25,89.23,4235.5,33.08480952,4.25,10.3,,0.004707342488,3.3831537481172624,8.351256663871606,8.33117681718331
2008-03-01,SK,4033.2,4.25,89.49,4249.4,32.49857895,4.25,10.2,,0.004098225064,3.624363131079189,8.354533075481537,8.30231538451906
2008-04-01,SK,4007.3,4.25,89.76,4330.6,32.37413636,4.25,10.2,,0.00196596155,3.648960739030027,8.373461379526189,8.295872976812888
2008-05-01,SK,4125.8,4.25,90.1,4187.1,31.46571429,4.25,10.2,,0.004258800203,4.017547910413288,8.339763649182709,8.325015219358907
2008-06-01,SK,4293.2,4.25,90.42,4511.1,30.32233333,4.25,9.9,,0.001137912687,4.314720812182737,8.414296305196384,8.364787654607369
2008-07-01,SK,4161.3,4.25,90.41,4365.8,30.31852174,4.25,9.4,,0.0008774456446,4.423654423654422,8.381556727540262,8.333582804437354
2008-08-01,SK,4147.8,4.25,90.35,4198.6,30.3337619,4.25,9.0,,0.0004036597948,4.450867052023111,8.342506415370222,8.330333352179274
2008-09-01,SK,4217.8,4.25,90.7,4356.3,30.28295455,4.25,8.8,,0.0004992590595,4.553314121037477,8.379378352204801,8.347068944077664
2008-10-01,SK,4044.3,3.75,91.01,4113.2,30.45917391,3.75,8.7,,0.002690494766,4.190040068689194,8.321956593355035,8.305063761365128
2008-11-01,SK,3690.3,3.25,91.12,3890.6,30.38495,3.25,8.9,,0.001320930412,3.8996579247434493,8.266318666363716,8.21346303454285
2008-12-01,SK,3301.5,2.5,91.06,3475.6,30.1957619,2.5,9.1,,0.0009555304246,3.5478735501478287,8.15352240496505,8.102132189634625
2009-01-01,SK,3129.2,1.64516129,91.38,3559.1,,2.393548387,9.9,,0.0,2.7087782398561355,8.177262982895732,8.048532659810926
2009-02-01,SK,3127.8,1.0,91.36,3215.1,,2.2,10.3,,0.0,2.3870895438753648,8.07561374038706,8.048085161002115
2009-03-01,SK,3192.2,0.6612903226,91.11,3259.3,,1.725806452,10.8,,0.0,1.8102581293999442,8.089267727377889,8.068465613248458
2009-04-01,SK,3336.4,0.3083333333,91.01,3129.3,,1.308333333,11.2,,0.0,1.392602495543671,8.048564616350035,8.112647660367456
2009-05-01,SK,3142.8,0.25,91.07,3111.6,,1.219354839,11.6,,0.0,1.0765815760266362,8.04289234233262,8.052869401301667
2009-06-01,SK,3172.8,0.25,91.08,3246.5,,1.2,12.0,,0.0,0.7299270072992581,8.085332771948542,8.06236975776553
2009-07-01,SK,3138.7,0.25,90.97,3176.9,,1.2,12.3,,0.0,0.6194005087932775,8.063661157538686,8.051563980436509
2009-08-01,SK,3477.6,0.25,90.78,3309.1,,1.2,12.6,,0.0,0.47592695074709646,8.104431528075434,8.154097679674582
2009-09-01,SK,3522.2,0.25,90.74,3450.5,,1.2,13.1,,0.0,0.04410143329658389,8.146274427060657,8.166841073360985
2009-10-01,SK,3616.0,0.25,90.89,3438.4,,1.2,13.4,,0.0,-0.13185364245688058,8.142761525888245,8.193123721512066
2009-11-01,SK,3616.2,0.25,91.15,3531.2,,1.2,13.8,,0.0,0.03292361720808046,8.169393035502472,8.193179029717053
2009-12-01,SK,3627.3,0.25,91.1,3491.0,,1.2,14.2,,0.0,0.043927081045458394,8.157943507105037,8.19624384884831
2010-01-01,SK,3619.9,0.25,91.21,3715.5,,1.2,14.8,,0.0,-0.18603633180127588,8.220268537597523,8.194201680128867
2010-02-01,SK,3703.3,0.25,91.22,3662.7,,1.2,14.9,,0.0,-0.1532399299474574,8.20595585934292,8.216979593024968
2010-03-01,SK,3846.4,0.25,91.34,3718.3,,1.2,14.9,,0.0,0.25244210295247704,8.221021853568471,8.254892924900833
2010-04-01,SK,3952.8,0.25,91.67,3950.6,,1.2,14.8,,0.0,0.7251950335128043,8.2816227450939,8.28217946753154
2010-05-01,SK,3960.0,0.25,91.73,3875.1,,1.2,14.7,,0.0,0.7247172504666777,8.26232674790608,8.283999304248526
2010-06-01,SK,4083.8,0.25,91.72,4254.3,,1.2,14.5,,0.0,0.7026789635485198,8.35568551513541,8.314783206488935
2010-07-01,SK,4192.5,0.25,91.84,4372.4,,1.2,14.3,,0.0,0.9563592393096565,8.38306733641968,8.341052493697363
2010-08-01,SK,4193.9,0.25,91.74,4374.7,,1.2,14.2,,0.0,1.0575016523463265,8.383593225012016,8.341386367591527
2010-09-01,SK,4406.2,0.25,91.73,4532.0,,1.2,14.2,,0.0,1.0910293145250272,8.418918622147897,8.390767918978465
2010-10-01,SK,4480.9,0.25,91.76,4589.0,,1.2,14.0,,0.0,0.9572010122125718,8.431417414394833,8.407579198089906
2010-11-01,SK,4573.7,0.25,92.02,4512.7,,1.2,13.9,,0.0,0.9544706527701452,8.414650922988615,8.428077784325042
2010-12-01,SK,4465.5,0.25,92.25,4410.2,,1.2,13.8,,0.0,1.2623490669593895,8.391675318886467,8.40413646912394
2011-01-01,SK,4608.5,0.25,94.16,4687.6,,1.2,13.8,,0.0,3.234294485253808,8.452676003384447,8.43565770343372
2011-02-01,SK,4643.4,0.25,94.42,4709.7,,1.2,13.7,,0.0,3.508002631001972,8.45737949071438,8.443202135504468
2011-03-01,SK,4675.5,0.25,94.8,4725.3,,1.2,13.7,,0.0,3.7880446682723834,8.460686329975799,8.450091387875501
2011-04-01,SK,4653.1,0.4,95.25,4795.6,,1.23,13.6,,0.0,3.9053125340896777,8.475454109833498,8.445288943124563
2011-05-01,SK,4672.3,0.5,95.56,4918.4,,1.25,13.5,,0.0,4.175297067480654,8.500738553344277,8.449406734775307
2011-06-01,SK,4647.9,0.5,95.51,4728.7,,1.25,13.4,,0.0,4.132141299607506,8.461405602272517,8.444170783670355
2011-07-01,SK,4755.4,0.6532258065,95.35,4923.6,,1.403225806,13.3,,0.0,3.821864111498252,8.50179524923614,8.4670360934183
2011-08-01,SK,4801.0,0.75,95.47,4786.5,,1.5,13.3,,0.0,4.065838238500108,8.473554734386408,8.47657950853094
2011-09-01,SK,4859.2,0.75,95.74,4759.2,,1.5,13.5,,0.0,4.371525128093312,8.467834865873696,8.488629094291484
2011-10-01,SK,4987.7,0.75,95.95,4823.3,,1.5,13.7,,0.0,4.566259808195294,8.481213620083505,8.514730160644751
2011-11-01,SK,4934.0,0.5666666667,96.44,4941.3,,1.316666667,13.8,,0.0,4.803303629645739,8.505383733456739,8.503905297089302
2011-12-01,SK,4945.0,0.3548387097,96.48,4744.0,,1.220967742,13.8,,0.0,4.585365853658541,8.464635940677562,8.506132244056813
2012-01-01,SK,4928.1,0.25,97.97,4800.7,,1.2,13.8,,0.0,4.046304163126591,8.476517019596669,8.502708797215263
2012-02-01,SK,5010.2,0.25,98.19,4854.2,,1.2,13.8,,0.0,3.9927981359881404,8.487599588569159,8.519231113441803
2012-03-01,SK,5168.3,0.25,98.5,5009.2,,1.2,13.8,,0.0,3.9029535864979037,8.519031500689877,8.550299093313232
2012-04-01,SK,5224.6,0.25,98.74,5043.5,,1.2,14.0,,0.0,3.6640419947506553,8.52585556449489,8.561133518878602
2012-05-01,SK,5270.3,0.25,98.84,5042.5,,1.2,13.9,,0.0,3.432398493093336,8.525657269828367,8.56984256591139
2012-06-01,SK,5295.7,0.25,99.07,5023.0,,1.2,13.7,,0.0,3.7273583917914133,8.521782643750045,8.57465044948669
2012-07-01,SK,5442.5,0.08064516129,99.01,5178.0,,0.8951612903,13.8,,0.0,3.8384897745149527,8.552174160311482,8.601993793108702
2012-08-01,SK,5269.4,0.0,99.06,5385.6,,0.75,13.8,,0.0,3.760343563423074,8.591484003996486,8.569671783061368
2012-09-01,SK,5263.5,0.0,99.34,4918.6,,0.75,13.8,,0.0,3.7601838312095293,8.500779216147983,8.56855148369138
2012-10-01,SK,5242.9,0.0,99.73,5015.2,,0.75,14.0,,0.0,3.9395518499218296,8.520228579959758,8.564630059340859
2012-11-01,SK,5234.2,0.0,99.8,4906.7,,0.75,14.2,,0.0,3.4840315221899676,8.498356897069943,8.56296929405282
2012-12-01,SK,5247.9,0.0,99.73,4951.2,,0.75,14.2,,0.0,3.368573797678276,8.507385250425152,8.565583275564329
2013-01-01,SK,5195.4,0.0,100.43,4944.9,,0.75,14.3,,0.0,2.5109727467592213,8.50611202140542,8.55552889768181
2013-02-01,SK,5305.7,0.0,100.4,4965.7,,0.75,14.3,,0.0,2.250738364395577,8.510309553449911,8.57653699333295
2013-03-01,SK,5256.3,0.0,100.42,5071.7,,0.75,14.3,,0.0,1.9492385786802124,8.53143134610275,8.567182636161151
2013-04-01,SK,5393.4,0.0,100.46,5009.3,,0.75,14.3,,0.0,1.7419485517520705,8.5190514637582,8.592931262807408
2013-05-01,SK,5436.1,0.0,100.57,5009.2,,0.5564516129,14.3,,0.0,1.750303520841756,8.519031500689877,8.600817170981156
2013-06-01,SK,5318.4,0.0,100.72,5189.8,,0.5,14.3,,0.0,1.6654890481477835,8.554450439771944,8.578927785221074
2013-07-01,SK,5337.9,0.0,100.64,5152.2,,0.5,14.2,,0.0,1.6462983537016473,8.547179086906494,8.5825875961809
2013-08-01,SK,5329.9,0.0,100.46,5156.8,,0.5,14.0,,0.0,1.4132848778517948,8.548071511061174,8.581087755257808
2013-09-01,SK,5405.2,0.0,100.43,5222.4,,0.5,14.1,,0.0,1.0972417958526215,8.560712345329733,8.59511673216393
2013-10-01,SK,5418.5,0.0,100.44,5184.4,,0.5,14.0,,0.0,0.7119221899127615,8.55340939554922,8.59757430336305
2013-11-01,SK,5546.4,0.0,100.28,5309.0,,0.35,13.9,,0.0,0.4809619238477003,8.57715877258367,8.62090434762828
2013-12-01,SK,5452.1,0.0,100.12,5408.4,,0.25,13.9,,0.0,0.39105585079715066,8.595708579484603,8.603756134541095
2014-01-01,SK,5621.7,0.0,100.38,5287.6,,0.25,13.8,,0.0,-0.04978592054167841,8.573119735705244,8.63438938824973
2014-02-01,SK,5541.6,0.0,100.28,5219.0,,0.25,13.8,,0.0,-0.11952191235060639,8.560061091643412,8.620038546708395
2014-03-01,SK,5402.3,0.0,100.26,5283.7,,0.25,13.7,,0.0,-0.1593308105954927,8.57238188886012,8.594580067797592
2014-04-01,SK,5505.6,0.0,100.26,5225.2,,0.25,13.5,,0.0,-0.199084212621925,8.561248353612408,8.613521035043215
2014-05-01,SK,5538.4,0.0,100.53,5105.7,,0.25,13.4,,0.0,-0.03977329223425752,8.53811284166874,8.619460929363814
2014-06-01,SK,5274.0,-0.06666666667,100.64,5049.8,,0.1833333333,13.2,,0.0,-0.0794281175536149,8.527103917524752,8.570544366913232
2014-07-01,SK,5388.1,-0.1,100.49,4982.4,,0.15,13.1,,0.0,-0.14904610492846304,8.513666981639679,8.59194809712046
2014-08-01,SK,5251.5,-0.1,100.28,5038.0,,0.15,12.9,,0.0,-0.1791757913597425,8.524764456912555,8.56626902906283
2014-09-01,SK,5462.7,-0.17,100.34,5199.4,,0.08,12.6,,0.0,-0.08961465697501225,8.556298513296817,8.605698452005907
2014-10-01,SK,5316.7,-0.2,100.43,5058.1,,0.05,12.5,,0.0,-0.009956192751880977,8.528746197694813,8.578608089117703
2014-11-01,SK,5389.6,-0.2,100.26,5027.5,,0.05,12.4,,0.0,-0.01994415636218383,8.522678121646807,8.59222644964645
2014-12-01,SK,5454.1,-0.2,99.99,5148.9,,0.05,12.3,,0.0,-0.12984418697563616,8.546538378610702,8.604122898404297
2015-01-01,SK,5556.9,-0.2,99.87,5372.3,,0.05,12.4,,0.0,-0.5080693365212108,8.589011401206706,8.622795677796788
2015-02-01,SK,5559.8,-0.2,99.68,5268.9,,0.05,12.2,,0.0,-0.5983246908655704,8.5695768910958,8.623317415374625
2015-03-01,SK,5630.8,-0.2,99.87,5451.7,,0.05,12.0,,0.0,-0.3889886295631362,8.603682765623805,8.63600680695381
2015-04-01,SK,5495.6,-0.2,100.13,5330.2,,0.05,11.7,,0.0,-0.1296628765210528,8.581144039908061,8.611703051049792
2015-05-01,SK,5547.7,-0.2,100.44,5402.1,,0.05,11.5,,0.0,-0.08952551477171555,8.594543045843569,8.621138706432681
2015-06-01,SK,5686.7,-0.2,100.55,5521.4,,0.05,11.5,,0.0,-0.0894276629570756,8.616386730302622,8.645885394025093
2015-07-01,SK,5910.4,-0.2,100.27,5599.0,,0.05,11.4,,0.0,-0.21892725644342415,8.630343289348893,8.684468790004921
2015-08-01,SK,5383.3,-0.2,100.06,5280.1,,0.05,11.3,,0.0,-0.21938571998404433,8.571700315914898,8.591056848013057
2015-09-01,SK,5707.3,-0.2,99.82,5713.4,,0.05,11.2,,0.0,-0.5182379908311829,8.650569572027019,8.649501336178064
2015-10-01,SK,5688.9,-0.2,99.9,5565.8,,0.05,11.0,,0.0,-0.5277307577417067,8.62439600899325,8.646272186814471
2015-11-01,SK,5800.0,-0.2,99.88,5708.8,,0.05,10.8,,0.0,-0.37901456213844664,8.649764122945635,8.66561319653451
2015-12-01,SK,5702.8,-0.2741935484,99.53,5421.6,,0.05,10.7,,0.0,-0.4600460046004562,8.598146253821904,8.648712561279806
2016-01-01,SK,5683.6,-0.3,99.24,5466.4,,0.05,10.5,,0.0,-0.6308200660859242,8.606375543466568,8.64534011376392
2016-02-01,SK,5706.1,-0.3,99.37,5589.2,,0.05,10.3,,0.0,-0.31099518459069,8.628591443206293,8.649291057031723
2016-03-01,SK,5542.2,-0.3516129032,99.38,5377.6,,0.02419354839,10.2,,0.0,-0.4906378291779423,8.58999745697084,8.620146812826619
2016-04-01,SK,5824.1,-0.4,99.74,5567.2,,0.0,10.0,,0.0,-0.3894936582442776,8.62464751353064,8.669759760058783
2016-05-01,SK,5658.4,-0.4,99.69,5574.1,,0.0,9.9,,0.0,-0.7467144563918726,8.625886148318711,8.64089644572178
2016-06-01,SK,5872.5,-0.4,99.82,5583.7,,0.0,9.7,,0.0,-0.7260069617105902,8.627606918070606,8.678035716533067
2016-07-01,SK,5318.3,-0.4,99.41,5351.0,,0.0,9.6,,0.0,-0.8576842525181982,8.585038738311304,8.57890898239689
2016-08-01,SK,6063.2,-0.4,99.27,5779.8,,0.0,9.5,,0.0,-0.7895262842294692,8.662124358991633,8.709992992497819
2016-09-01,SK,5878.3,-0.4,99.3,5571.3,,0.0,9.3,,0.0,-0.5209376878381078,8.625383698867116,8.679022883444429
2016-10-01,SK,5942.9,-0.4,99.58,5791.9,,0.0,9.1,,0.0,-0.3203203203203331,8.664215668723136,8.689952508706499
2016-11-01,SK,6071.5,-0.4,99.67,5876.7,,0.0,9.0,,0.0,-0.21025230276331408,8.678750658857464,8.711360970493873
2016-12-01,SK,5871.7,-0.4,99.75,5783.4,,0.0,8.8,,0.0,0.22103888274891403,8.662747024017976,8.67789947907096
2017-01-01,SK,5871.8,-0.4,100.02,5829.5,,0.0,8.7,,0.0,0.7859733978234695,8.670686512373345,8.677916509768794
2017-02-01,SK,5987.1,-0.4,100.55,6000.0,,0.0,8.5,,0.0,1.187481131126078,8.699514748210191,8.697362433642049
2017-03-01,SK,6129.5,-0.4,100.42,5985.2,,0.0,8.5,,0.0,1.0464882270074582,8.697045034309264,8.72086845953505
2017-04-01,SK,6204.5,-0.4,100.56,5969.5,,0.0,8.4,,0.0,0.8221375576499046,8.694418450785443,8.733030114214674
2017-05-01,SK,6097.5,-0.4,100.82,6068.4,,0.0,8.3,,0.0,1.1335138930685051,8.710850257873938,8.715634130090075
2017-06-01,SK,5928.8,-0.4,100.82,5623.2,,0.0,8.0,,0.0,1.0018032458425141,8.634656175861695,8.687577110637148
2017-07-01,SK,5939.9,-0.4,100.87,5976.7,,0.0,7.9,,0.0,1.4686651242329818,8.695623855160356,8.689447577198145
2017-08-01,SK,6330.7,-0.4,100.88,6286.0,,0.0,7.8,,0.0,1.6218394278231019,8.746080217357513,8.753166093542372
2017-09-01,SK,6437.9,-0.4,101.05,6235.4,,0.0,7.8,,0.0,1.7623363544813753,8.737998010025885,8.769957678963966
2017-10-01,SK,6366.8,-0.4,101.4,6193.7,,0.0,7.8,,0.0,1.8276762402088753,8.731287925391829,8.7588522675557
2017-11-01,SK,6522.2,-0.4,101.73,6220.2,,0.0,7.7,,0.0,2.0668205076753265,8.73555733955712,8.782967021319138
2017-12-01,SK,6240.3,-0.4,101.71,6193.6,,0.0,7.5,,0.0,1.9649122807017472,8.731271779823384,8.738783537130892
2018-01-01,SK,6123.1,-0.4,102.59,6207.6,,0.0,7.3,,0.0,2.56948610277945,8.73352962679747,8.719823783208057
2018-02-01,SK,6354.5,-0.4,102.75,6380.4,,0.0,7.1,,0.0,2.1879661859771193,8.760986070298292,8.756918502322124
2018-03-01,SK,6561.9,-0.4,102.95,6323.3,,0.0,6.9,,0.0,2.5194184425413324,8.751996502765769,8.789035474148603
2018-04-01,SK,6418.9,-0.4,103.56,6290.5,,0.0,6.8,,0.0,2.9832935560859086,8.746795837791185,8.767002042439843
2018-05-01,SK,6624.9,-0.4,103.57,6504.2,,0.0,6.7,,0.0,2.727633406070229,8.780203401062368,8.79859055640088
2018-06-01,SK,6725.8,-0.4,103.7,6658.2,,0.0,6.6,,0.0,2.8565760761753767,8.803604456734572,8.813706156502773
2018-07-01,SK,6593.5,-0.4,103.53,6564.0,,0.0,6.4,,0.0,2.6370575988896583,8.789355452209982,8.793839594247753
2018-08-01,SK,6693.4,-0.4,103.77,6797.9,,0.0,6.2,,0.0,2.8647898493259216,8.82436901993898,8.808877245247317
2018-09-01,SK,6662.0,-0.4,103.81,6460.0,,0.0,6.2,,0.0,2.7313211281543737,8.773384596776648,8.804175018753625
2018-10-01,SK,6654.6,-0.4,103.9,6706.3,,0.0,6.1,,0.0,2.4654832347140054,8.810802662082809,8.803063623838751
2018-11-01,SK,6721.0,-0.4,103.76,6785.3,,0.0,6.1,,0.0,1.995478226678471,8.822513786472053,8.812992231969966
2018-12-01,SK,6820.5,-0.4,103.61,6945.3,,0.0,5.9,,0.0,1.8680562383246446,8.845820450799776,8.827688061933175
2019-01-01,SK,6985.6,-0.4,104.86,6859.5,,0.0,5.9,,0.0,2.2126912954478994,8.833389831766219,8.851606166355625
2019-02-01,SK,6788.3,-0.4,105.09,6705.7,,0.0,5.8,,0.0,2.277372262773736,8.810713189968224,8.822955821016881
2019-03-01,SK,6887.0,-0.4,105.78,6876.3,,0.0,5.7,,0.0,2.748907236522591,8.83583599556843,8.837390855544697
2019-04-01,SK,6632.8,-0.4,106.01,6822.0,,0.0,5.6,,0.0,2.365778292777132,8.82790796297859,8.799782316802009
2019-05-01,SK,6699.5,-0.4,106.39,6846.1,,0.0,5.7,,0.0,2.7227961764989983,8.83143442605327,8.809788175728663
2019-06-01,SK,6401.4,-0.4,106.49,6507.4,,0.0,5.7,,0.0,2.6904532304725004,8.780695269866284,8.76427199542547
2019-07-01,SK,6291.6,-0.4,106.64,6580.4,,0.0,5.7,,0.0,3.003960204771561,8.791850812745265,8.746970689366487
2019-08-01,SK,6493.4,-0.4,106.87,6606.9,,0.0,5.7,,0.0,2.9873759275320433,8.795869836452955,8.778541555416163
2019-09-01,SK,6556.8,-0.4433333333,106.97,6615.1,,0.0,5.8,,0.0,3.0440227338406567,8.797110193592767,8.78825795804458
2019-10-01,SK,6703.4,-0.5,106.87,6730.5,,0.0,5.7,,0.0,2.8585178055822835,8.814404714084148,8.81037013934998
2019-11-01,SK,6674.1,-0.5,107.05,6629.4,,0.0,5.7,,0.0,3.170778720123346,8.799269581347184,8.805989642717197
2019-12-01,SK,6753.8,-0.5,106.89,6577.1,,0.0,5.7,,0.0,3.1657175948267557,8.791349197686296,8.817860588425336
2020-01-01,SK,7000.5,-0.5,108.23,7041.2,,0.0,5.9,,0.0,3.213808888041192,8.859533889171816,8.85373685405798
2020-02-01,SK,6801.7,-0.5,108.37,6850.9,,0.0,6.0,,0.0,3.1211342658673535,8.832135309487088,8.824927859919406
2020-03-01,SK,5476.2,-0.5,108.34,5971.1,,0.0,6.0,,0.0,2.4201172244280533,8.694686444020217,8.608166708750886
2020-04-01,SK,3627.2,-0.5,108.26,4120.7,,0.0,6.5,,0.0,2.1224412791246206,8.323778330824329,8.196216279753264
2020-05-01,SK,4687.8,-0.5,108.58,4583.9,,0.0,6.6,,0.0,2.058464141366678,8.430305443147898,8.452718668230753
2020-06-01,SK,6191.1,-0.5,108.46,5631.4,,0.0,6.7,,0.0,1.8499389614048178,8.63611335807181,8.730868055868187
2020-07-01,SK,6378.5,-0.5,108.54,6020.8,,0.0,7.0,,0.0,1.781695423855978,8.702975419839172,8.760688238978345
2020-08-01,SK,7003.7,-0.5,108.41,6456.1,,0.0,7.1,,0.0,1.4410030878637459,8.772780699296986,8.85419385982135
2020-09-01,SK,7151.6,-0.5,108.45,6594.7,,0.0,7.0,,0.0,1.3835654856501955,8.794021575109936,8.875091386877665
2020-10-01,SK,7082.8,-0.5,108.61,6667.6,,0.0,7.0,,0.0,1.628146346027881,8.805015254068932,8.865424588732061
2020-11-01,SK,6901.7,-0.5,108.71,6772.1,,0.0,7.0,,0.0,1.5506772536197921,8.820566509830355,8.839523037051162
2020-12-01,SK,7124.1,-0.5,108.65,6798.7,,0.0,7.0,,0.0,1.6465525306389894,8.82448669641706,8.871238681368865
2021-01-01,SK,7196.7,-0.5,109.0,6935.5,,0.0,7.1,,0.0,0.7114478425575221,8.844408428203344,8.881377866603986
2021-02-01,SK,7235.0,-0.5,109.31,6991.7,,0.0,7.1,,0.0,0.867398726584856,8.852479010236385,8.886685639065584
2021-03-01,SK,7536.5,-0.5,109.93,7262.1,,0.0,7.1,,0.0,1.4676019937234663,8.89042432219068,8.927513162250584
2021-04-01,SK,7341.5,-0.5,110.1,7315.4,,0.0,7.0,,0.0,1.6996120450766483,8.897736994119155,8.901298460402993
2021-05-01,SK,6684.3,-0.5,110.78,6830.0,,0.0,6.9,,0.0,2.0261558298029225,8.829079952564836,8.80751677201147
2021-06-01,SK,7256.8,-0.5,111.19,7377.9,,0.0,6.9,,0.0,2.5170569795316178,8.906244324256146,8.889694239300734
2021-07-01,SK,7439.3,-0.5,111.7,7522.0,,0.0,6.8,,0.0,2.911369080523296,8.925587339030281,8.914532037379265
2021-08-01,SK,6797.7,-0.5,111.97,6876.2,,0.0,6.7,,0.0,3.283829904990321,8.835821452758031,8.824339598655621
2021-09-01,SK,6828.4,-0.5,112.82,7098.3,,0.0,6.6,,0.0,4.0295066851083305,8.867610597740164,8.828845664506597
2021-10-01,SK,7251.8,-0.5,113.4,7220.5,,0.0,6.6,,0.0,4.410275296933985,8.88467948156662,8.889004992895437
2021-11-01,SK,7800.5,-0.5,113.96,7856.3,,0.0,6.5,,0.0,4.8293625241468074,8.96907103667789,8.961943113187305
2021-12-01,SK,8268.7,-0.5,114.15,8272.1,,0.0,6.5,,0.0,5.062126092959041,9.020643685649993,9.020232580981794
2022-01-01,SK,8314.6,-0.5,117.37,8541.8,,0.0,6.4,,0.0,7.678899082568802,9.052727037406866,9.025768284637072
2022-02-01,SK,8285.7,-0.5,118.36,8660.1,,0.0,6.4,,0.0,8.279205928094413,9.066481548833922,9.022286416333825
2022-03-01,SK,8089.3,-0.5,120.43,8640.3,,0.0,6.3,,0.0,9.551532793595928,9.06419258341752,8.998297479732877
2022-04-01,SK,8178.7,-0.5,122.06,8741.3,,0.0,6.3,,0.0,10.862851952770214,9.075814199007437,9.009288492761623
2022-05-01,SK,8672.5,-0.5,123.82,8957.4,,0.0,6.2,,0.0,11.771077811879383,9.1002352852876,9.067912378843905
2022-06-01,SK,8408.0,-0.5,125.21,8915.2,,0.0,6.2,,0.0,12.609047576220878,9.095512964145431,9.036938912556787
2022-07-01,SK,8798.7,-0.4193548387,126.02,9027.6,,0.08064516129,6.1,,0.0,12.820053715308855,9.108041830354177,9.082359262280821
2022-08-01,SK,8963.3,0.0,126.95,8891.8,,0.5,6.0,,0.0,13.378583549164969,9.09288478270338,9.100893741733293
2022-09-01,SK,8901.7,0.425,128.14,9265.2,,0.925,6.0,,0.0,13.57915263251197,9.13402072510277,9.093997548715862
2022-10-01,SK,8815.2,0.75,129.81,8868.9,,1.25,6.1,,0.0,14.470899470899457,9.090306054084563,9.084232783173567
2022-11-01,SK,8904.4,1.475,131.12,9342.9,,2.168333333,6.1,,0.0,15.057915057915071,9.142371975535418,9.094300815576174
2022-12-01,SK,8577.5,1.677419355,131.31,8845.2,,2.306451613,6.1,,0.0,15.03285151116951,9.087630217983243,9.056897774732604
2023-01-01,SK,8994.7,2.0,135.05,9050.5,,2.5,6.1,,0.0,15.06347448240608,9.110575283786607,9.104390793966301
2023-02-01,SK,9242.2,2.375,136.59,9105.5,,3.025,6.0,,0.0,15.402162892869221,9.116633905535874,9.131535231533652
2023-03-01,SK,9411.9,2.661290323,138.31,8904.9,,3.296774194,6.0,,0.0,14.846798970356211,9.094356966014443,9.14973012505643
2023-04-01,SK,9062.4,3.0,139.16,8763.9,,3.5,5.9,,0.0,14.009503522857614,9.078396290335334,9.111889264619291
2023-05-01,SK,9363.7,3.177419355,139.07,8872.5,,3.677419355,5.9,,0.0,12.316265546761418,9.090711884520651,9.144595790506813
2023-06-01,SK,9195.4,3.333333333,139.39,8851.4,,3.9,5.8,,0.0,11.324974043606728,9.08833091758132,9.12645863799545
2023-07-01,SK,9132.6,3.5,139.06,8791.1,,4.2,5.8,,0.0,10.3475638787494,9.081495125056643,9.119605708513676
2023-08-01,SK,9151.7,3.741935484,139.18,8689.0,,4.248387097,5.8,,0.0,9.633714060653809,9.069813136839207,9.121694933362033
2023-09-01,SK,9117.4,3.841666667,139.62,8902.7,,4.341666667,5.7,,0.0,8.958951147182791,9.094109880499136,9.11793995470385
2023-10-01,SK,8967.6,4.0,139.89,8796.9,,4.5,5.7,,0.0,7.765195285417126,9.082154665676413,9.101373360724244
2023-11-01,SK,8707.0,4.0,140.14,8333.9,,4.5,5.6,,0.0,6.879194630872476,9.028086812870333,9.071882578828616
2023-12-01,SK,8797.6,4.0,139.96,8554.5,,4.5,5.6,,0.0,6.587464778006247,9.054212739264702,9.082234235996724
